{"biosample":{"rettype":["full","full"],"retmode":["text","xml"],"name":["Full record XML","Full record Text"]},"biosystems":{"rettype":["xml"],"retmode":["xml"],"name":["Full record Text"]},"gds":{"rettype":["summary"],"retmode":["text"],"name":["Summary"]},"gene":{"rettype":[null,null,"gene_table"],"retmode":["asn.1","xml","text"],"name":["text ASN.1","XML","Gene Table"]},"homologene":{"rettype":[null,null,"alignmentscores","fasta","homologene"],"retmode":["asn.1","xml","text","text","text"],"name":["text ASN.1","XML","Alignment Scores","FASTA","HomoloGene"]},"mesh":{"rettype":["full"],"retmode":["text"],"name":["Full record"]},"nlmcatalog":{"rettype":[null,null],"retmode":["text","xml"],"name":["Full record","XML"]},"nuccore":{"rettype":[null,null,"native","acc","fasta","fasta","seqid","gb","gb","gbc","ft","gbwithparts","fasta_cds_na","fasta_cds_aa"],"retmode":["text","asn.1","xml","text","text","xml","text","text","xml","xml","text","text","text","text"],"name":["text ASN.1","binary ASN.1","Full record in XML","Accession number(s)","FASTA","TinySeq XML","SeqID string","GenBank flat file","GBSeq XML","INSDSeq XML","Feature Table","GenBank flat file (full seq.)","CDS nucleotide FASTA","CDS protein FASTA"]},"nucest":{"rettype":[null,null,"native","acc","fasta","fasta","seqid","gb","gb","gbc","est"],"retmode":["text","asn.1","xml","text","text","xml","text","text","xml","xml","text"],"name":["text ASN.1","binary ASN.1","Full record in XML","Accession number(s)","FASTA","TinySeq XML","SeqID string","GenBank flat file","GBSeq XML","INSDSeq XML","EST Report"]},"nucgss":{"rettype":[null,null,"native","acc","fasta","fasta","seqid","gb","gb","gbc","gss"],"retmode":["text","asn.1","xml","text","text","xml","text","text","xml","xml","text"],"name":["text ASN.1","binary ASN.1","Full record in XML","Accession number(s)","FASTA","TinySeq XML","SeqID string","GenBank flat file","GBSeq XML","INSDSeq XML","GSS Report"]},"protein":{"rettype":[null,null,"native","acc","fasta","fasta","seqid","ft","gp","gp","gpc"],"retmode":["text","asn.1","xml","text","text","xml","text","text","text","xml","xml"],"name":["text ASN.1","binary ASN.1","Full record in XML","Accession number(s)","FASTA","TinySeq XML","SeqID string","Feature Table","GenPept flat file","GBSeq XML","INSDSeq XML"]},"popset":{"rettype":[null,null,"native","acc","fasta","fasta","seqid","gb","gb","gbc"],"retmode":["text","asn.1","xml","text","text","xml","text","text","xml","xml"],"name":["text ASN.1","binary ASN.1","Full record in XML","Accession number(s)","FASTA","TinySeq XML","SeqID string"]},"pmc":{"rettype":[null,"medline"],"retmode":["xml","text"],"name":["XML","MEDLINE"]},"pubmed":{"rettype":[null,null,"medline","uilist","abstract"],"retmode":["asn.1","xml","text","text","text"],"name":["text ASN.1","XML","MEDLINE","PMID list","Abstract"]},"sequences":{"rettype":[null,"acc","fasta","seqid"],"retmode":["text","text","text","text"],"name":["text ASN.1","Accesion number(s)","FASTA","SeqID string"]},"snp":{"rettype":[null,null,"fit","fasta","rsr","ssexemplar","chr","genxml","docset","uilist"],"retmode":["asn.1","xml","text","text","text","text","text","xml","text","text"],"name":["text ASN.1","XML","Flat file","FASTA","RS Cluster report","SS Exemplar list","Chromosome report","Genotype XML","Summary","UID list"]},"sra":{"rettype":["full"],"retmode":["xml"],"name":["XML"]},"taxonomy":{"rettype":[null,"uilist"],"retmode":["xml","text"],"name":["XML","TaxID list"]}}